leg_length_m,phi1_rad,phi4_rad,front_torque_per_N_m,back_torque_per_N_m,tau_LF_Nm,tau_LB_Nm,tau_RF_Nm,tau_RB_Nm,tau_LF_required_Nm,tau_LB_required_Nm,tau_RF_required_Nm,tau_RB_required_Nm,support_feasible,F_left_achieved_N,F_right_achieved_N,T_phi_left_achieved_Nm,T_phi_right_achieved_Nm
0.16,0.0936517393432705,3.04794091424652,0.123062809909219,-0.123062809909219,-24.6125619818437,24.6125619818437,-24.6125619818437,24.6125619818437,-24.6125619818437,24.6125619818437,-24.6125619818437,24.6125619818437,1,200,200,0,0
0.17,0.133343466232039,3.00824918735775,0.128798266862654,-0.128798266862654,-25.7596533725308,25.7596533725308,-25.7596533725308,25.7596533725308,-25.7596533725308,25.7596533725308,-25.7596533725308,25.7596533725308,1,200,200,0,0
0.18,0.171411077505162,2.97018157608463,0.133805599795362,-0.133805599795362,-26.7611199590725,26.7611199590725,-26.7611199590725,26.7611199590725,-26.7611199590725,26.7611199590725,-26.7611199590725,26.7611199590725,1,200,200,0,0
0.19,0.208173691938405,2.93341896165139,0.13812034271857,-0.138120342718571,-27.6240685437141,27.6240685437141,-27.6240685437141,27.6240685437141,-27.6240685437141,27.6240685437141,-27.6240685437141,27.6240685437141,1,200,200,3.5527136788005e-15,3.5527136788005e-15
0.2,0.243889242390124,2.89770341119967,0.141779519607713,-0.141779519607713,-28.3559039215425,28.3559039215425,-28.3559039215425,28.3559039215425,-28.3559039215425,28.3559039215425,-28.3559039215425,28.3559039215425,1,200,200,0,0
0.21,0.278770280308689,2.8628223732811,0.144819782011663,-0.144819782011663,-28.9639564023325,28.9639564023325,-28.9639564023325,28.9639564023325,-28.9639564023325,28.9639564023325,-28.9639564023325,28.9639564023325,1,200,200,0,0
0.22,0.312995340976866,2.82859731261293,0.147276146774377,-0.147276146774377,-29.4552293548755,29.4552293548755,-29.4552293548755,29.4552293548755,-29.4552293548755,29.4552293548755,-29.4552293548755,29.4552293548755,1,200,200,0,0
0.23,0.346717312838584,2.79487534075121,0.14918117427688,-0.14918117427688,-29.8362348553761,29.8362348553761,-29.8362348553761,29.8362348553761,-29.8362348553761,29.8362348553761,-29.8362348553761,29.8362348553761,1,200,200,0,0
0.24,0.380069750200906,2.76152290338889,0.150564459633865,-0.150564459633865,-30.112891926773,30.112891926773,-30.112891926773,30.112891926773,-30.112891926773,30.112891926773,-30.112891926773,30.112891926773,1,200,200,0,0
0.25,0.413171758330583,2.72842089525921,0.151452337792634,-0.151452337792634,-30.2904675585268,30.2904675585268,-30.2904675585268,30.2904675585268,-30.2904675585268,30.2904675585268,-30.2904675585268,30.2904675585268,1,200,200,0,0
0.26,0.446131884873311,2.69546076871648,0.15186772694546,-0.15186772694546,-30.373545389092,30.373545389092,-30.373545389092,30.373545389092,-30.373545389092,30.373545389092,-30.373545389092,30.373545389092,1,200,200,0,0
0.27,0.479051327296112,2.66254132629368,0.151830052901984,-0.151830052901984,-30.3660105803968,30.3660105803967,-30.3660105803968,30.3660105803967,-30.3660105803968,30.3660105803967,-30.3660105803968,30.3660105803967,1,200,200,0,0
0.28,0.512026687128593,2.6295659664612,0.151355210489566,-0.151355210489566,-30.2710420979132,30.2710420979132,-30.2710420979132,30.2710420979132,-30.2710420979132,30.2710420979132,-30.2710420979132,30.2710420979132,1,200,200,-3.5527136788005e-15,-3.5527136788005e-15
0.29,0.545152453313844,2.59644020027595,0.150455527227703,-0.150455527227703,-30.0911054455407,30.0911054455406,-30.0911054455407,30.0911054455406,-30.0911054455407,30.0911054455406,-30.0911054455407,30.0911054455406,1,200,200,0,0
0.3,0.578523370611451,2.56306928297834,0.149139699943792,-0.149139699943792,-29.8279399887584,29.8279399887584,-29.8279399887584,29.8279399887584,-29.8279399887584,29.8279399887584,-29.8279399887584,29.8279399887584,1,200,200,-3.5527136788005e-15,-3.5527136788005e-15
0.31,0.612236840665537,2.52935581292426,0.147412676913165,-0.147412676913165,-29.482535382633,29.482535382633,-29.482535382633,29.482535382633,-29.482535382633,29.482535382633,-29.482535382633,29.482535382633,1,200,200,-3.5527136788005e-15,-3.5527136788005e-15
0.32,0.646395512379155,2.49519714121064,0.145275456405179,-0.145275456405179,-29.0550912810357,29.0550912810357,-29.0550912810357,29.0550912810357,-29.0550912810357,29.0550912810357,-29.0550912810357,29.0550912810357,1,200,200,0,0
0.33,0.681110247340294,2.4604824062495,0.142724766551898,-0.142724766551898,-28.5449533103796,28.5449533103796,-28.5449533103796,28.5449533103796,-28.5449533103796,28.5449533103796,-28.5449533103796,28.5449533103796,1,200,200,0,0
0.34,0.71650370239092,2.42508895119887,0.139752579740383,-0.139752579740383,-27.9505159480767,27.9505159480766,-27.9505159480767,27.9505159480766,-27.9505159480767,27.9505159480766,-27.9505159480767,27.9505159480766,1,200,200,0,0
0.35,0.752714869255732,2.38887778433406,0.136345394357875,-0.136345394357875,-27.269078871575,27.269078871575,-27.269078871575,27.269078871575,-27.269078871575,27.269078871575,-27.269078871575,27.269078871575,1,200,200,-3.5527136788005e-15,-3.5527136788005e-15
0.36,0.789905077319355,2.35168757627044,0.132483182208517,-0.132483182208517,-26.4966364417033,26.4966364417034,-26.4966364417033,26.4966364417034,-26.4966364417033,26.4966364417034,-26.4966364417033,26.4966364417034,1,200,200,3.5527136788005e-15,3.5527136788005e-15
0.37,0.828266251360959,2.31332640222883,0.128137840814991,-0.128137840814991,-25.6275681629982,25.6275681629982,-25.6275681629982,25.6275681629982,-25.6275681629982,25.6275681629982,-25.6275681629982,25.6275681629982,1,200,200,0,0
0.38,0.868032722352311,2.27355993123748,0.123270885495707,-0.123270885495706,-24.6541770991413,24.6541770991413,-24.6541770991413,24.6541770991413,-24.6541770991413,24.6541770991413,-24.6541770991413,24.6541770991413,1,200,200,0,0
0.39,0.909498825788196,2.2320938278016,0.11782992385855,-0.11782992385855,-23.56598477171,23.5659847717099,-23.56598477171,23.5659847717099,-23.56598477171,23.5659847717099,-23.56598477171,23.5659847717099,1,200,200,0,0
0.4,0.953046350766162,2.18854630282363,0.111743081082176,-0.111743081082175,-22.3486162164351,22.3486162164351,-22.3486162164351,22.3486162164351,-22.3486162164351,22.3486162164351,-22.3486162164351,22.3486162164351,1,200,200,0,0
